INSERT INTO [Letter]( Guid,       AlphabetID,     Value,     Logo,     Sound) VALUES ( 28,         2,     "А",     "A2\letters\A2L1.png",     "A2\letters\A2L1.mp3"  );
INSERT INTO [Letter]( Guid,       AlphabetID,     Value,     Logo,     Sound) VALUES ( 29,         2,     "Б",     "A2\letters\A2L2.png",     "A2\letters\A2L2.mp3"  );
INSERT INTO [Letter]( Guid,       AlphabetID,     Value,     Logo,     Sound) VALUES ( 30,         2,     "В",     "A2\letters\A2L3.png",     "A2\letters\A2L3.mp3"  );
INSERT INTO [Letter]( Guid,       AlphabetID,     Value,     Logo,     Sound) VALUES ( 31,         2,     "Г",     "A2\letters\A2L4.png",     "A2\letters\A2L4.mp3"  );
INSERT INTO [Letter]( Guid,       AlphabetID,     Value,     Logo,     Sound) VALUES ( 32,         2,     "Д",     "A2\letters\A2L5.png",     "A2\letters\A2L5.mp3"  );
INSERT INTO [Letter]( Guid,       AlphabetID,     Value,     Logo,     Sound) VALUES ( 33,         2,     "Е",     "A2\letters\A2L6.png",     "A2\letters\A2L6.mp3"  );
INSERT INTO [Letter]( Guid,       AlphabetID,     Value,     Logo,     Sound) VALUES ( 34,         2,     "Ё",     "A2\letters\A2L7.png",     "A2\letters\A2L7.mp3"  );
INSERT INTO [Letter]( Guid,       AlphabetID,     Value,     Logo,     Sound) VALUES ( 35,         2,     "Ж",     "A2\letters\A2L8.png",     "A2\letters\A2L8.mp3"  );
INSERT INTO [Letter]( Guid,       AlphabetID,     Value,     Logo,     Sound) VALUES ( 36,         2,     "З",     "A2\letters\A2L9.png",     "A2\letters\A2L9.mp3"  );
INSERT INTO [Letter]( Guid,       AlphabetID,     Value,     Logo,     Sound) VALUES ( 37,         2,     "И",     "A2\letters\A2L10.png",     "A2\letters\A2L10.mp3"  );
INSERT INTO [Letter]( Guid,       AlphabetID,     Value,     Logo,     Sound) VALUES ( 38,         2,     "Й",     "A2\letters\A2L11.png",     "A2\letters\A2L11.mp3"  );
INSERT INTO [Letter]( Guid,       AlphabetID,     Value,     Logo,     Sound) VALUES ( 39,         2,     "К",     "A2\letters\A2L12.png",     "A2\letters\A2L12.mp3"  );
INSERT INTO [Letter]( Guid,       AlphabetID,     Value,     Logo,     Sound) VALUES ( 40,         2,     "Л",     "A2\letters\A2L13.png",     "A2\letters\A2L13.mp3"  );
INSERT INTO [Letter]( Guid,       AlphabetID,     Value,     Logo,     Sound) VALUES ( 41,         2,     "М",     "A2\letters\A2L14.png",     "A2\letters\A2L14.mp3"  );
INSERT INTO [Letter]( Guid,       AlphabetID,     Value,     Logo,     Sound) VALUES ( 42,         2,     "Н",     "A2\letters\A2L15.png",     "A2\letters\A2L15.mp3"  );
INSERT INTO [Letter]( Guid,       AlphabetID,     Value,     Logo,     Sound) VALUES ( 43,         2,     "О",     "A2\letters\A2L16.png",     "A2\letters\A2L16.mp3"  );
INSERT INTO [Letter]( Guid,       AlphabetID,     Value,     Logo,     Sound) VALUES ( 44,         2,     "П",     "A2\letters\A2L17.png",     "A2\letters\A2L17.mp3"  );
INSERT INTO [Letter]( Guid,       AlphabetID,     Value,     Logo,     Sound) VALUES ( 45,         2,     "Р",     "A2\letters\A2L18.png",     "A2\letters\A2L18.mp3"  );
INSERT INTO [Letter]( Guid,       AlphabetID,     Value,     Logo,     Sound) VALUES ( 46,         2,     "С",     "A2\letters\A2L19.png",     "A2\letters\A2L19.mp3"  );
INSERT INTO [Letter]( Guid,       AlphabetID,     Value,     Logo,     Sound) VALUES ( 47,         2,     "Т",     "A2\letters\A2L20.png",     "A2\letters\A2L20.mp3"  );
INSERT INTO [Letter]( Guid,       AlphabetID,     Value,     Logo,     Sound) VALUES ( 48,         2,     "У",     "A2\letters\A2L21.png",     "A2\letters\A2L21.mp3"  );
INSERT INTO [Letter]( Guid,       AlphabetID,     Value,     Logo,     Sound) VALUES ( 49,         2,     "Ф",     "A2\letters\A2L22.png",     "A2\letters\A2L22.mp3"  );
INSERT INTO [Letter]( Guid,       AlphabetID,     Value,     Logo,     Sound) VALUES ( 50,         2,     "Х",     "A2\letters\A2L23.png",     "A2\letters\A2L23.mp3"  );
INSERT INTO [Letter]( Guid,       AlphabetID,     Value,     Logo,     Sound) VALUES ( 51,         2,     "Ц",     "A2\letters\A2L24.png",     "A2\letters\A2L24.mp3"  );
INSERT INTO [Letter]( Guid,       AlphabetID,     Value,     Logo,     Sound) VALUES ( 52,         2,     "Ч",     "A2\letters\A2L25.png",     "A2\letters\A2L25.mp3"  );
INSERT INTO [Letter]( Guid,       AlphabetID,     Value,     Logo,     Sound) VALUES ( 53,         2,     "Ш",     "A2\letters\A2L26.png",     "A2\letters\A2L26.mp3"  );
INSERT INTO [Letter]( Guid,       AlphabetID,     Value,     Logo,     Sound) VALUES ( 54,         2,     "Щ",     "A2\letters\A2L27.png",     "A2\letters\A2L27.mp3"  );
INSERT INTO [Letter]( Guid,       AlphabetID,     Value,     Logo,     Sound) VALUES ( 55,         2,     "Ъ",     "A2\letters\A2L28.png",     "A2\letters\A2L28.mp3"  );
INSERT INTO [Letter]( Guid,       AlphabetID,     Value,     Logo,     Sound) VALUES ( 56,         2,     "Ы",     "A2\letters\A2L29.png",     "A2\letters\A2L29.mp3"  );
INSERT INTO [Letter]( Guid,       AlphabetID,     Value,     Logo,     Sound) VALUES ( 57,         2,     "Ь",     "A2\letters\A2L30.png",     "A2\letters\A2L30.mp3"  );
INSERT INTO [Letter]( Guid,       AlphabetID,     Value,     Logo,     Sound) VALUES ( 58,         2,     "Э",     "A2\letters\A2L31.png",     "A2\letters\A2L31.mp3"  );
INSERT INTO [Letter]( Guid,       AlphabetID,     Value,     Logo,     Sound) VALUES ( 59,         2,     "Ю",     "A2\letters\A2L32.png",     "A2\letters\A2L32.mp3"  );
INSERT INTO [Letter]( Guid,       AlphabetID,     Value,     Logo,     Sound) VALUES ( 60,         2,     "Я",     "A2\letters\A2L33.png",     "A2\letters\A2L33.mp3"  );
  INSERT INTO [Word] ( LetterID,     AlphabetID,     Image,     Sound,     ValueImg ) VALUES (  28,       2,       "A2\words\A2L1W1P.png",       "A2\words\A2L1W1A.mp3",       "A2\words\A2L1W1.png" );
  INSERT INTO [Word] ( LetterID,     AlphabetID,     Image,     Sound,     ValueImg ) VALUES (  29,       2,       "A2\words\A2L2W1P.png",       "A2\words\A2L2W1A.mp3",       "A2\words\A2L2W1.png" );
  INSERT INTO [Word] ( LetterID,     AlphabetID,     Image,     Sound,     ValueImg ) VALUES (  30,       2,       "A2\words\A2L3W1P.png",       "A2\words\A2L3W1A.mp3",       "A2\words\A2L3W1.png" );
  INSERT INTO [Word] ( LetterID,     AlphabetID,     Image,     Sound,     ValueImg ) VALUES (  31,       2,       "A2\words\A2L4W1P.png",       "A2\words\A2L4W1A.mp3",       "A2\words\A2L4W1.png" );
  INSERT INTO [Word] ( LetterID,     AlphabetID,     Image,     Sound,     ValueImg ) VALUES (  32,       2,       "A2\words\A2L5W1P.png",       "A2\words\A2L5W1A.mp3",       "A2\words\A2L5W1.png" );
  INSERT INTO [Word] ( LetterID,     AlphabetID,     Image,     Sound,     ValueImg ) VALUES (  33,       2,       "A2\words\A2L6W1P.png",       "A2\words\A2L6W1A.mp3",       "A2\words\A2L6W1.png" );
  INSERT INTO [Word] ( LetterID,     AlphabetID,     Image,     Sound,     ValueImg ) VALUES (  34,       2,       "A2\words\A2L7W1P.png",       "A2\words\A2L7W1A.mp3",       "A2\words\A2L7W1.png" );
  INSERT INTO [Word] ( LetterID,     AlphabetID,     Image,     Sound,     ValueImg ) VALUES (  35,       2,       "A2\words\A2L8W1P.png",       "A2\words\A2L8W1A.mp3",       "A2\words\A2L8W1.png" );
  INSERT INTO [Word] ( LetterID,     AlphabetID,     Image,     Sound,     ValueImg ) VALUES (  36,       2,       "A2\words\A2L9W1P.png",       "A2\words\A2L9W1A.mp3",       "A2\words\A2L9W1.png" );
  INSERT INTO [Word] ( LetterID,     AlphabetID,     Image,     Sound,     ValueImg ) VALUES (  37,       2,       "A2\words\A2L10W1P.png",       "A2\words\A2L10W1A.mp3",       "A2\words\A2L10W1.png" );
  INSERT INTO [Word] ( LetterID,     AlphabetID,     Image,     Sound,     ValueImg ) VALUES (  39,       2,       "A2\words\A2L12W1P.png",       "A2\words\A2L12W1A.mp3",       "A2\words\A2L12W1.png" );
  INSERT INTO [Word] ( LetterID,     AlphabetID,     Image,     Sound,     ValueImg ) VALUES (  40,       2,       "A2\words\A2L13W1P.png",       "A2\words\A2L13W1A.mp3",       "A2\words\A2L13W1.png" );
  INSERT INTO [Word] ( LetterID,     AlphabetID,     Image,     Sound,     ValueImg ) VALUES (  41,       2,       "A2\words\A2L14W1P.png",       "A2\words\A2L14W1A.mp3",       "A2\words\A2L14W1.png" );
  INSERT INTO [Word] ( LetterID,     AlphabetID,     Image,     Sound,     ValueImg ) VALUES (  42,       2,       "A2\words\A2L15W1P.png",       "A2\words\A2L15W1A.mp3",       "A2\words\A2L15W1.png" );
  INSERT INTO [Word] ( LetterID,     AlphabetID,     Image,     Sound,     ValueImg ) VALUES (  43,       2,       "A2\words\A2L16W1P.png",       "A2\words\A2L16W1A.mp3",       "A2\words\A2L16W1.png" );
  INSERT INTO [Word] ( LetterID,     AlphabetID,     Image,     Sound,     ValueImg ) VALUES (  44,       2,       "A2\words\A2L17W1P.png",       "A2\words\A2L17W1A.mp3",       "A2\words\A2L17W1.png" );
  INSERT INTO [Word] ( LetterID,     AlphabetID,     Image,     Sound,     ValueImg ) VALUES (  45,       2,       "A2\words\A2L18W1P.png",       "A2\words\A2L18W1A.mp3",       "A2\words\A2L18W1.png" );
  INSERT INTO [Word] ( LetterID,     AlphabetID,     Image,     Sound,     ValueImg ) VALUES (  46,       2,       "A2\words\A2L19W1P.png",       "A2\words\A2L19W1A.mp3",       "A2\words\A2L19W1.png" );
  INSERT INTO [Word] ( LetterID,     AlphabetID,     Image,     Sound,     ValueImg ) VALUES (  47,       2,       "A2\words\A2L20W1P.png",       "A2\words\A2L20W1A.mp3",       "A2\words\A2L20W1.png" );
  INSERT INTO [Word] ( LetterID,     AlphabetID,     Image,     Sound,     ValueImg ) VALUES (  48,       2,       "A2\words\A2L21W1P.png",       "A2\words\A2L21W1A.mp3",       "A2\words\A2L21W1.png" );
  INSERT INTO [Word] ( LetterID,     AlphabetID,     Image,     Sound,     ValueImg ) VALUES (  49,       2,       "A2\words\A2L22W1P.png",       "A2\words\A2L22W1A.mp3",       "A2\words\A2L22W1.png" );
  INSERT INTO [Word] ( LetterID,     AlphabetID,     Image,     Sound,     ValueImg ) VALUES (  50,       2,       "A2\words\A2L23W1P.png",       "A2\words\A2L23W1A.mp3",       "A2\words\A2L23W1.png" );
  INSERT INTO [Word] ( LetterID,     AlphabetID,     Image,     Sound,     ValueImg ) VALUES (  51,       2,       "A2\words\A2L24W1P.png",       "A2\words\A2L24W1A.mp3",       "A2\words\A2L24W1.png" );
  INSERT INTO [Word] ( LetterID,     AlphabetID,     Image,     Sound,     ValueImg ) VALUES (  52,       2,       "A2\words\A2L25W1P.png",       "A2\words\A2L25W1A.mp3",       "A2\words\A2L25W1.png" );
  INSERT INTO [Word] ( LetterID,     AlphabetID,     Image,     Sound,     ValueImg ) VALUES (  53,       2,       "A2\words\A2L26W1P.png",       "A2\words\A2L26W1A.mp3",       "A2\words\A2L26W1.png" );
  INSERT INTO [Word] ( LetterID,     AlphabetID,     Image,     Sound,     ValueImg ) VALUES (  54,       2,       "A2\words\A2L27W1P.png",       "A2\words\A2L27W1A.mp3",       "A2\words\A2L27W1.png" );
  INSERT INTO [Word] ( LetterID,     AlphabetID,     Image,     Sound,     ValueImg ) VALUES (  58,       2,       "A2\words\A2L31W1P.png",       "A2\words\A2L31W1A.mp3",       "A2\words\A2L31W1.png" );
  INSERT INTO [Word] ( LetterID,     AlphabetID,     Image,     Sound,     ValueImg ) VALUES (  60,       2,       "A2\words\A2L33W1P.png",       "A2\words\A2L33W1A.mp3",       "A2\words\A2L33W1.png" );
  INSERT INTO [Word] ( LetterID,     AlphabetID,     Image,     Sound,     ValueImg ) VALUES (  59,       2,       "A2\words\A2L32W1P.png",       "A2\words\A2L32W1A.mp3",       "A2\words\A2L32W1.png" );
  INSERT INTO [Word] ( LetterID,     AlphabetID,     Image,     Sound,     ValueImg ) VALUES (  28,       2,       "A2\words\A2L1W2P.png",       "A2\words\A2L1W2A.mp3",       "A2\words\A2L1W2.png" );
  INSERT INTO [Word] ( LetterID,     AlphabetID,     Image,     Sound,     ValueImg ) VALUES (  30,       2,       "A2\words\A2L3W2P.png",       "A2\words\A2L3W2A.mp3",       "A2\words\A2L3W2.png" );
  INSERT INTO [Word] ( LetterID,     AlphabetID,     Image,     Sound,     ValueImg ) VALUES (  30,       2,       "A2\words\A2L3W3P.png",       "A2\words\A2L3W3A.mp3",       "A2\words\A2L3W3.png" );
  INSERT INTO [Word] ( LetterID,     AlphabetID,     Image,     Sound,     ValueImg ) VALUES (  32,       2,       "A2\words\A2L5W2P.png",       "A2\words\A2L5W2A.mp3",       "A2\words\A2L5W2.png" );
  INSERT INTO [Word] ( LetterID,     AlphabetID,     Image,     Sound,     ValueImg ) VALUES (  36,       2,       "A2\words\A2L9W2P.png",       "A2\words\A2L9W2A.mp3",       "A2\words\A2L9W2.png" );
  INSERT INTO [Word] ( LetterID,     AlphabetID,     Image,     Sound,     ValueImg ) VALUES (  36,       2,       "A2\words\A2L9W3P.png",       "A2\words\A2L9W3A.mp3",       "A2\words\A2L9W3.png" );
  INSERT INTO [Word] ( LetterID,     AlphabetID,     Image,     Sound,     ValueImg ) VALUES (  37,       2,       "A2\words\A2L10W2P.png",       "A2\words\A2L10W2A.mp3",       "A2\words\A2L10W2.png" );
  INSERT INTO [AlphabetLocalization]( AlphabetID,     LanguageID,     LanguageName,     Description ) VALUES ( 2,     "ru-RU",     "Русский",     "Русский алфавит"  );
  INSERT INTO [AlphabetLocalization]( AlphabetID,     LanguageID,     LanguageName,     Description ) VALUES ( 2,     "en-US",     "Russian",     "Russian alphabet"  );
  INSERT INTO [Alphabet] (Logo,     Guid,     IsSystem ) VALUES ( "A2/A2logo.png",       2,      0);